Date,Type,Route Name,Distance (mi),Duration,Average Pace,Average Speed (mph),Calories Burned,Climb (ft),Average Heart Rate (bpm),Notes,GPX File
2016-02-23 16:47:12,Hiking,,3.09,1:33:21,30:14,1.99,292.0,223.17,,"Hill of Life

if you couldn't tell from the elevation profile",2016-02-23-1647.gpx
2016-02-22 21:12:27,Running,,1.03,12:00,11:37,5.16,86.0,5.29,,"#merrell",2016-02-22-2112.gpx
2016-02-21 18:31:08,Walking,,3.18,1:33:07,29:16,2.05,246.0,50.71,,"Ladybird Lake and Hey You Gonna Eat or What?",2016-02-21-1831.gpx
2016-02-20 21:24:08,Walking,,1.13,23:25,20:47,2.89,72.0,7.81,,,2016-02-20-2124.gpx
2016-02-19 20:15:41,Running,,1.86,1:19:37,42:44,1.40,124.0,5.76,,,2016-02-19-2015.gpx
2016-02-19 18:33:55,Walking,,2.59,49:13,18:59,3.16,148.0,17.30,,,2016-02-19-1833.gpx
2016-02-18 20:29:34,Running,,2.00,24:05,12:04,4.98,168.0,7.41,,"#blue",2016-02-18-2029.gpx
2016-02-16 19:09:57,Running,,1.98,25:03,12:38,4.75,186.0,10.74,,"#blue

12:19 min/mi average pace according to Garmin. Changed the duration here because it didn't appear to import correctly.",2016-02-16-1909.gpx
2016-02-15 16:48:44,Running,,3.97,51:08,12:54,4.65,337.0,56.24,,"#blue

Bull Creek Preserve",2016-02-15-1648.gpx
2016-02-14 19:40:43,Walking,,1.63,35:19,21:43,2.76,101.0,18.72,,"Romantic Valentine's day walk",2016-02-14-1940.gpx
2016-02-13 10:28:01,Hiking,,6.51,3:38:17,33:33,1.79,603.0,170.62,,"McKinney Roughs LCRA park

Forgot to turn on tracker at first",2016-02-13-1028.gpx
2016-02-12 17:35:05,Running,,1.98,22:47,11:29,5.22,180.0,37.52,,"#blue",2016-02-12-1735.gpx
2016-02-11 17:29:43,Running,,2.95,34:32,11:42,5.13,258.0,17.69,,"#blue",2016-02-11-1729.gpx
2016-02-08 16:47:00,Running,,3.07,44:42,14:34,4.12,207.0,86.27,,"#blue

Hills are hard",2016-02-08-1647.gpx
2016-02-07 17:08:23,Running,,2.01,22:05,10:59,5.47,180.0,10.43,,"#blue

had to run fast to get back in time for the Superbowl!",2016-02-07-1708.gpx
2016-02-06 15:52:16,Hiking,,3.90,1:30:36,23:15,2.58,317.0,94.82,,"Barton Creek Greenbelt, Zilker trailhead

Practicing with heavy pack on",2016-02-06-1552.gpx
2016-02-05 17:36:58,Running,,3.49,43:25,12:27,4.82,316.0,58.23,,"#blue",2016-02-05-1736.gpx
2016-02-04 19:16:27,Running,,1.09,13:01,11:59,5.01,95.0,8.34,,"#blue",2016-02-04-1916.gpx
2016-02-03 17:53:27,Running,,1.04,12:05,11:35,5.18,91.0,8.14,,"#blue

have started feeling a bit shin-splinty, we'll see how that goes",2016-02-03-1753.gpx
2016-02-02 16:03:34,Running,,2.94,43:33,14:48,4.05,248.0,49.37,,"#blue

Tried to go on a trail run the day I gave blood. Not such a great idea. Had to stop/walk a few times because I felt awful, like I was going to faint and/or was starting to not be able to breathe. Never actually had trouble breathing (or fainted) but felt like I might.",2016-02-02-1603.gpx
2016-02-01 19:32:07,Running,,1.01,12:52,12:46,4.70,81.0,4.22,,"#blue

interspersed walking",2016-02-01-1932.gpx
2016-01-31 17:49:01,Running,,2.97,35:34,11:58,5.01,260.0,25.59,,"#merrell",2016-01-31-1749.gpx
2016-01-30 14:33:28,Running,,0.72,11:44,16:19,3.68,59.0,25.11,,"Pedernales Falls State Park

Falls Trail",2016-01-30-1433.gpx
2016-01-30 11:03:05,Hiking,,7.54,3:22:47,26:53,2.23,652.0,188.55,,"Pedernales Falls State Park

Wolf Mountain Trail",2016-01-30-1103.gpx
2016-01-29 20:44:42,Running,,1.03,12:44,12:23,4.85,85.0,6.35,,"#blue",2016-01-29-2044.gpx
2016-01-28 16:39:11,Running,,3.01,35:02,11:39,5.15,273.0,48.38,,"#blue",2016-01-28-1639.gpx
2016-01-26 16:51:24,Running,,2.96,36:43,12:23,4.84,260.0,26.35,,"#blue",2016-01-26-1651.gpx
2016-01-24 17:59:00,Running,,1.48,17:28,11:47,5.09,126.0,8.16,,"#blue",2016-01-24-1759.gpx
2016-01-23 11:45:04,Hiking,,10.63,5:01:30,28:21,2.12,904.0,226.59,,"Government Canyon State Natural Area


Joe Johnson Route -> Overlook Trail -> Little Windmill Trail -> Sendero Balcones Trail -> Far Reaches Trail -> Recharge Trail",2016-01-23-1145.gpx
2016-01-18 17:29:36,Running,,2.32,26:51,11:35,5.18,204.0,24.14,,"#blue",2016-01-18-1729.gpx
2016-01-17 21:15:14,Running,,1.44,19:09,13:19,4.51,116.0,6.77,,"#blue",2016-01-17-2115.gpx
2016-01-17 17:41:41,Walking,,2.77,56:19,20:22,2.95,171.0,33.56,,,2016-01-17-1741.gpx
2016-01-14 19:45:27,Running,,1.04,13:53,13:21,4.49,80.0,4.78,,"#blue",2016-01-14-1945.gpx
2016-01-13 21:21:10,Running,,0.99,11:33,11:41,5.14,84.0,4.76,,"#blue",2016-01-13-2121.gpx
2016-01-12 17:41:35,Running,,1.00,12:06,12:09,4.94,83.0,7.89,,"#blue",2016-01-12-1741.gpx
2016-01-10 19:24:10,Running,,0.99,11:03,11:07,5.39,87.0,6.81,,"#blue",2016-01-10-1924.gpx
2016-01-09 14:37:43,Hiking,,7.50,2:53:17,23:07,2.60,613.0,191.98,,"Pedernales Falls State Park, Wolf Mountain Trail
Map says this trail is 6 miles, lo and behold our gps says it's 7.5 miles :P Good thing we walk fast so we could get it in before dark!",2016-01-09-1437.gpx
2016-01-08 20:23:47,Running,,1.04,12:57,12:27,4.82,87.0,7.64,,"#blue",2016-01-08-2023.gpx
2016-01-07 20:23:06,Running,,1.02,11:46,11:32,5.20,96.0,,,"#blue",
2016-01-06 19:47:37,Running,,1.81,21:25,11:51,5.06,152.0,12.65,,"#blue",2016-01-06-1947.gpx
2016-01-05 20:14:51,Running,,1.01,12:20,12:13,4.91,84.0,7.86,,"#blue",2016-01-05-2014.gpx
2016-01-04 19:57:35,Running,,1.00,12:36,12:38,4.75,81.0,3.67,,"#blue",2016-01-04-1957.gpx
2016-01-03 14:50:08,Running,,1.00,10:47,10:50,5.54,85.0,5.69,,"#blue",2016-01-03-1450.gpx
2016-01-02 17:40:21,Running,,1.00,11:26,11:29,5.22,87.0,7.55,,"#blue",2016-01-02-1740.gpx
2016-01-01 14:04:57,Running,,1.00,11:25,11:27,5.24,86.0,6.52,,"#blue",2016-01-01-1404.gpx
2015-12-29 12:08:42,Walking,,2.06,45:11,21:59,2.73,133.0,17.38,,,2015-12-29-1208.gpx
2015-12-28 16:33:10,Walking,,1.12,20:45,18:31,3.24,67.0,5.61,,,2015-12-28-1633.gpx
2015-12-26 10:52:40,Running,,2.95,43:55,14:52,4.03,253.0,18.41,,"#blue

Took Steel from the Samuelsens for a run. A yellow lab just started following us for like .75 miles! So I finally turned back and took him to the house on his collar.",2015-12-26-1052.gpx
2015-12-24 10:56:47,Walking,,1.56,28:28,18:13,3.29,143.0,12.77,,,2015-12-24-1056.gpx
2015-12-23 17:29:21,Walking,,2.75,1:01:36,22:22,2.68,168.0,15.36,,,2015-12-23-1729.gpx
2015-12-22 21:17:39,Walking,,1.72,46:24,27:00,2.22,112.0,5.32,,,2015-12-22-2117.gpx
2015-12-22 12:10:18,Walking,,2.57,49:10,19:09,3.13,153.0,15.18,,,2015-12-22-1210.gpx
2015-12-21 18:05:47,Walking,,1.28,34:22,26:46,2.24,83.0,5.74,,,2015-12-21-1805.gpx
2015-12-21 17:34:25,Running,,2.21,27:43,12:32,4.79,177.0,1.82,,"#blue",2015-12-21-1734.gpx
2015-12-21 16:26:44,Walking,,2.87,1:04:47,22:32,2.66,178.0,18.21,,,2015-12-21-1626.gpx
2015-12-20 20:47:01,Walking,,2.46,54:17,22:02,2.72,152.0,12.55,,,2015-12-20-2047.gpx
2015-12-20 17:25:15,Walking,,1.00,23:09,23:11,2.59,63.0,4.88,,,2015-12-20-1725.gpx
2015-12-19 13:16:13,Walking,,2.61,1:01:39,23:38,2.54,164.0,20.35,,,2015-12-19-1316.gpx
2015-12-19 12:24:54,Walking,,1.08,33:07,30:34,1.96,74.0,3.18,,,2015-12-19-1224.gpx
2015-12-18 21:58:33,Walking,,0.92,24:15,26:30,2.26,59.0,1.00,,,2015-12-18-2158.gpx
2015-12-17 17:06:42,Walking,,1.93,35:46,18:30,3.24,121.0,10.39,,,2015-12-17-1706.gpx
2015-12-16 19:05:14,Walking,,1.18,1:26:38,73:14,0.82,138.0,15.00,,"That husband has to have his margarita and queso",2015-12-16-1905.gpx
2015-12-16 17:32:06,Walking,,2.21,41:35,18:48,3.19,134.0,15.12,,,2015-12-16-1732.gpx
2015-12-15 19:49:36,Walking,,1.14,23:16,20:28,2.93,69.0,8.84,,,2015-12-15-1949.gpx
2015-12-15 12:27:21,Walking,,2.32,45:48,19:46,3.04,140.0,15.52,,,2015-12-15-1227.gpx
2015-12-13 19:30:47,Walking,,2.35,44:18,18:49,3.19,144.0,16.36,,,2015-12-13-1930.gpx
2015-12-12 19:45:21,Walking,,1.02,27:15,26:44,2.25,72.0,14.24,,"Margarita quest",2015-12-12-1945.gpx
2015-12-12 19:08:11,Running,,2.09,25:12,12:04,4.97,180.0,14.55,,"#blue",2015-12-12-1908.gpx
2015-12-11 20:21:26,Walking,,4.24,2:15:47,32:02,1.87,325.0,71.10,,"Trail of Lights!",2015-12-11-2021.gpx
2015-12-11 12:37:24,Walking,,1.53,30:35,20:03,2.99,100.0,46.36,,,2015-12-11-1237.gpx
2015-12-09 15:58:22,Running,,3.66,43:46,11:57,5.02,300.0,42.53,,"#blue",2015-12-09-1558.gpx
2015-12-08 19:10:57,Walking,,2.00,39:52,19:59,3.00,124.0,15.00,,,2015-12-08-1910.gpx
2015-12-07 19:22:42,Walking,,2.42,47:32,19:38,3.06,149.0,18.54,,,2015-12-07-1922.gpx
2015-12-06 18:57:34,Walking,,0.54,2:48:53,309:54,0.19,197.0,5.88,,"Final Roll On dinner :(",2015-12-06-1857.gpx
2015-12-06 17:29:10,Walking,,1.38,29:17,21:10,2.83,89.0,36.33,,,2015-12-06-1729.gpx
2015-12-06 16:45:17,Running,,3.37,43:14,12:49,4.68,277.0,47.45,,"#blue",2015-12-06-1645.gpx
2015-12-05 10:15:12,Hiking,,4.87,3:29:09,42:55,1.40,511.0,156.80,,"Riverplace Nature Trail

With the Lambs and the little Lamb in the kidpack",2015-12-05-1015.gpx
2015-12-04 17:47:33,Running,,3.68,43:48,11:55,5.04,312.0,41.57,,"#blue",2015-12-04-1747.gpx
2015-12-04 14:31:20,Walking,,1.49,30:26,20:25,2.94,95.0,47.45,,,2015-12-04-1431.gpx
2015-12-03 19:03:09,Walking,,0.66,15:04,23:00,2.61,43.0,6.64,,,2015-12-03-1903.gpx
2015-12-02 16:06:07,Running,,2.98,35:03,11:45,5.11,257.0,30.47,,"#blue",2015-12-02-1606.gpx
2015-12-01 18:18:20,Walking,,1.71,34:22,20:06,2.99,102.0,9.09,,,2015-12-01-1818.gpx
2015-11-30 20:34:42,Walking,,0.67,15:55,23:48,2.52,43.0,6.64,,"Torchy's! The last of the turkey mole",2015-11-30-2034.gpx
2015-11-30 17:47:25,Running,,3.59,44:10,12:18,4.88,297.0,29.36,,"#blue",2015-11-30-1747.gpx
2015-11-28 09:02:09,Running,,2.88,35:03,12:09,4.94,242.0,14.82,,"#blue",2015-11-28-0902.gpx
2015-11-26 07:43:39,Running,,2.95,34:59,11:51,5.06,252.0,19.13,,"#blue",2015-11-26-0743.gpx
2015-11-23 18:46:05,Running,,2.63,36:14,13:47,4.35,207.0,15.14,,"#blue",2015-11-23-1846.gpx
2015-11-22 18:35:31,Walking,,2.12,1:05:47,31:04,1.93,153.0,11.44,,,2015-11-22-1835.gpx
2015-11-21 11:21:16,Hiking,,10.36,5:29:03,31:46,1.89,984.0,312.41,,"Barton Creek Greenbelt

Intended to just hike it straight through, but had to turn back about .75 mi in to get keys that I forgot. Then we also spent some time/distance looking for the best places to cross the creek. I think we might have been able to just stay on the same side the whole time, but we weren't sure because the creek was right up against a cliff and there were climbers blocking it.",2015-11-21-1121.gpx
2015-11-20 19:00:58,Running,,2.84,35:52,12:38,4.75,232.0,20.57,,"#blue",2015-11-20-1900.gpx
2015-11-17 17:26:15,Running,,2.87,34:55,12:09,4.94,244.0,25.84,,"#blue",2015-11-17-1726.gpx
2015-11-15 16:41:29,Running,,2.85,36:02,12:39,4.74,237.0,65.65,,,2015-11-15-1641.gpx
2015-11-14 16:53:39,Walking,,2.32,45:51,19:47,3.03,140.0,17.55,,,2015-11-14-1653.gpx
2015-11-13 18:58:17,Walking,,2.73,1:37:32,35:42,1.68,203.0,11.64,,,2015-11-13-1858.gpx
2015-11-10 06:02:35,Running,,,2:17,,,0.0,,,,
2015-11-10 05:22:53,Walking,,0.90,38:23,42:48,1.40,71.0,15.55,,,2015-11-10-0522.gpx
2015-11-10 02:17:44,Walking,,1.45,1:03:42,43:58,1.36,150.0,115.00,,,2015-11-10-0217.gpx
2015-10-27 16:59:44,Running,,2.73,34:34,12:39,4.74,233.0,32.03,,"#blue",2015-10-27-1659.gpx
2015-10-24 12:30:05,Running,,3.05,35:52,11:44,5.11,254.0,15.62,,"#blue",2015-10-24-1230.gpx
2015-10-22 19:06:11,Walking,,0.41,9:18,22:32,2.66,25.0,2.51,,,2015-10-22-1906.gpx
2015-10-22 18:49:43,Running,,1.02,15:53,15:33,3.86,72.0,5.91,,"#blue",2015-10-22-1849.gpx
2015-10-20 18:28:31,Running,,2.23,35:33,15:56,3.76,153.0,9.56,,"#blue",2015-10-20-1828.gpx
2015-10-18 19:20:20,Walking,,1.97,41:38,21:07,2.84,118.0,14.09,,,2015-10-18-1920.gpx
2015-10-17 16:47:10,Walking,,0.99,25:59,26:19,2.28,64.0,4.31,,,2015-10-17-1647.gpx
2015-10-16 20:26:48,Walking,,3.81,5:03:00,79:26,0.76,452.0,74.85,,"Two long islands is too many",2015-10-16-2026.gpx
2015-10-15 19:19:18,Running,,2.07,31:41,15:19,3.92,144.0,8.38,,"#blue",2015-10-15-1919.gpx
2015-10-12 18:29:09,Running,,2.40,38:15,15:55,3.77,171.0,13.44,,"#blue",2015-10-12-1829.gpx
2015-10-11 18:45:44,Walking,,1.99,1:04:31,32:23,1.85,143.0,22.73,,,2015-10-11-1845.gpx
2015-10-10 08:06:58,Running,,2.99,35:45,11:58,5.02,244.0,29.52,,"#blue",2015-10-10-0806.gpx
2015-10-08 20:20:29,Running,,2.11,34:38,16:26,3.65,147.0,10.02,,"#blue",2015-10-08-2020.gpx
2015-10-07 21:19:24,Walking,,2.53,56:44,22:26,2.67,157.0,16.81,,,2015-10-07-2119.gpx
2015-10-05 19:18:54,Running,,2.40,34:59,14:33,4.12,181.0,10.55,,"#blue",2015-10-05-1918.gpx
2015-10-03 10:54:41,Running,,2.87,35:54,12:30,4.80,227.0,15.05,,"#blue",2015-10-03-1054.gpx
2015-10-01 21:47:51,Running,,2.41,38:54,16:09,3.72,169.0,12.76,,"#blue",2015-10-01-2147.gpx
2015-09-29 20:00:33,Running,,2.12,33:05,15:38,3.84,142.0,9.36,,"#blue",2015-09-29-2000.gpx
2015-09-27 18:57:41,Walking,,2.69,56:17,20:56,2.87,165.0,34.82,,"#merrell",2015-09-27-1857.gpx
2015-09-26 19:38:58,Running,,2.67,34:49,13:03,4.60,211.0,16.91,,"#blue",2015-09-26-1938.gpx
2015-09-23 19:54:52,Running,,2.45,42:41,17:27,3.44,166.0,15.20,,"#blue",2015-09-23-1954.gpx
2015-09-22 20:01:15,Walking,,2.32,45:02,19:24,3.09,140.0,16.58,,"#blue",2015-09-22-2001.gpx
2015-09-21 19:17:27,Walking,,2.13,50:12,23:37,2.54,130.0,16.82,,"#merrell",2015-09-21-1917.gpx
2015-09-17 17:29:54,Running,,2.57,34:28,13:25,4.47,210.0,67.42,,,2015-09-17-1729.gpx
2015-09-15 20:49:16,Running,,2.23,35:56,16:05,3.73,152.0,14.97,,"#blue
White plan phase II day 1
includes running and walking",2015-09-15-2049.gpx
2015-09-13 19:47:44,Running,,1.91,24:37,12:55,4.65,159.0,22.36,,"#blue",2015-09-13-1947.gpx
2015-09-06 13:03:07,Hiking,,7.32,6:09:52,50:31,1.19,934.0,524.55,,"May Lake. Attempted to summit Mt. Hoffmann, and then Tuolomne Peak, but got lost and ended up in the middle of a random ridge. Yosemite National Park.",2015-09-06-1303.gpx
2015-09-05 20:51:33,Hiking,,1.98,1:10:22,35:30,1.69,229.0,239.09,,"Artist Point at Yosemite National Park.",2015-09-05-2051.gpx
2015-09-05 15:13:56,Hiking,,6.53,4:01:21,36:59,1.62,726.0,418.67,,"Taft Point, Sentinel Dome, and Glacier Point. Yosemite National Park.",2015-09-05-1513.gpx
2015-09-04 13:28:25,Hiking,,9.54,6:48:01,42:45,1.40,1425.0,1400.37,,"Mist Trail past Vernal Falls to Nevada Falls, took John Muir Trail on the way down. Yosemite National Park.",2015-09-04-1328.gpx
2015-09-01 11:40:42,Walking,,2.12,26:33,12:33,4.78,146.0,86.07,,"The average pace is way off for this, because it was a walk. #delete ?",2015-09-01-1140.gpx
2015-08-31 11:55:38,Walking,,2.92,55:25,19:00,3.16,212.0,57.36,,"Golden Gate Bridge, San Francisco",2015-08-31-1155.gpx
2015-08-30 14:59:40,Walking,,0.49,24:55,50:25,1.19,46.0,17.81,,"Golden Gate Bridge, San Francisco",2015-08-30-1459.gpx
2015-08-29 19:39:26,Walking,,3.76,2:13:55,35:37,1.68,293.0,65.06,,"San Francisco",2015-08-29-1939.gpx
2015-08-27 17:57:40,Hiking,,1.73,55:05,31:52,1.88,176.0,158.08,,"Hill of Life",2015-08-27-1757.gpx
2015-08-22 13:51:44,Hiking,,7.55,4:41:56,37:21,1.61,742.0,350.78,,,2015-08-22-1351.gpx
2015-08-21 17:32:01,Hiking,,5.27,2:42:35,30:50,1.95,537.0,487.82,,,2015-08-21-1732.gpx
2015-08-18 17:46:06,Hiking,,5.16,2:35:01,30:02,2.00,523.0,474.91,,"Think it was a little cooler this time. Went through less water anyway, Stephen didn't have to refill his camelbak",2015-08-18-1746.gpx
2015-08-15 12:08:19,Running,,2.08,23:36,11:20,5.30,182.0,11.86,,"#blue. Still having some shin pain, and it was on and off throughout the weekend. Not too bad, just worried that it shouldn't be happening at all. This morning it seemed localized to a point in the middle of the front of each shin.",2015-08-15-1208.gpx
2015-08-13 16:40:00,Hiking,,6.99,3:40:42,31:34,1.90,703.0,634.82,,,2015-08-13-1640.gpx
2015-08-11 22:20:47,Walking,,1.80,44:19,24:34,2.44,115.0,15.27,,,2015-08-11-2220.gpx
2015-08-10 17:38:17,Hiking,,5.28,2:50:12,32:12,1.86,532.0,482.26,,"Hill of Life. Quite hot. Sunset at 8:16 PM CDT,
Civil Twilight at 8:41 PM CDT, it was dark enough to stop at 8:28.",2015-08-10-1738.gpx
2015-08-09 19:42:42,Walking,,2.99,1:09:26,23:13,2.58,184.0,37.09,,,2015-08-09-1942.gpx
2015-08-08 11:18:36,Running,,2.50,26:56,10:47,5.56,211.0,9.31,,"#blue. Shins a bit sore afterwards, why did I go so fast?",2015-08-08-1118.gpx
2015-08-06 18:10:09,Hiking,,4.56,2:21:01,30:57,1.94,452.0,412.92,,"Hill of Life. Plantar fasciitis pretty good for most of hike, though a little sore afterwards, and a bit sore the next day. Sitting instead of using standing desk to recover.

stopped at 8:31, it was getting dark. Could maybe have gone a little further, but didn't want to do another entire loop because it would've been too dark by the end.
Actual sunset: 8:20 PM CDT
Civil Twilight: 8:45 PM CDT",2015-08-06-1810.gpx
2015-08-05 20:41:31,Running,,2.02,23:24,11:34,5.19,167.0,9.29,,"#blue was in low mood after coworker's funeral. Probably went faster than I should've, felt a little shin pain and ignored it. Plantar fasciitis seems better, though still not gone.",2015-08-05-2041.gpx
2015-08-03 19:45:20,Running,,2.01,24:21,12:08,4.94,161.0,6.73,,"#blue",2015-08-03-1945.gpx
2015-08-02 17:42:41,Hiking,,5.53,2:53:42,31:26,1.91,495.0,213.96,,"Riverplace Nature Trail. Really hot.",2015-08-02-1742.gpx
2015-08-01 20:02:52,Running,,2.02,24:13,11:59,5.01,167.0,8.21,,"#teal",2015-08-01-2002.gpx
2015-07-30 20:14:39,Running,,1.00,13:00,12:57,4.63,79.0,4.55,,"#merrell
trying to get back into running after possible stress fractures and plantar fasciitis. Stopped because shins hurt.",2015-07-30-2014.gpx
2015-07-26 18:54:46,Hiking,,3.60,1:45:10,29:11,2.06,351.0,323.73,,"Hill of Life",2015-07-26-1854.gpx
2015-07-24 18:40:16,Hiking,,5.16,2:34:00,29:49,2.01,517.0,490.00,,,2015-07-24-1840.gpx
2015-07-22 20:00:27,Running,,2.31,27:45,12:02,4.98,191.0,22.82,,"#merrell",2015-07-22-2000.gpx
2015-07-20 21:50:12,Walking,,1.06,23:42,22:20,2.69,63.0,9.36,,,2015-07-20-2150.gpx
2015-07-20 21:16:21,Running,,2.04,33:09,16:15,3.69,137.0,9.55,,"#mint",2015-07-20-2116.gpx
2015-07-18 19:16:38,Running,,2.76,39:52,14:26,4.16,213.0,41.73,,"#teal",2015-07-18-1916.gpx
2015-07-15 19:51:51,Running,,2.31,25:41,11:07,5.40,200.0,23.27,,"#teal",2015-07-15-1951.gpx
2015-07-14 19:16:41,Hiking,,3.55,1:37:27,27:29,2.18,339.0,324.91,,"Hill of Life",2015-07-14-1916.gpx
2015-07-12 19:43:25,Running,,2.89,40:01,13:50,4.34,205.0,47.52,,,2015-07-12-1943.gpx
2015-07-11 20:29:15,Walking,,1.14,26:28,23:11,2.59,69.0,9.55,,,2015-07-11-2029.gpx
2015-07-10 18:09:27,Hiking,,4.49,2:20:50,31:24,1.91,457.0,409.85,,"Hill of Life",2015-07-10-1809.gpx
2015-07-09 19:56:06,Running,,3.60,53:16,14:48,4.05,251.0,28.67,,"#mint",2015-07-09-1956.gpx
2015-07-08 19:48:39,Running,,1.92,21:53,11:25,5.26,178.0,21.64,,,2015-07-08-1948.gpx
2015-07-05 20:57:27,Running,,2.74,40:02,14:38,4.10,209.0,17.68,,"#mint",2015-07-05-2057.gpx
2015-07-03 18:35:37,Hiking,,3.93,1:50:58,28:16,2.12,368.0,317.55,,"Hill of Life",2015-07-03-1835.gpx
2015-07-01 19:44:33,Running,,3.42,45:37,13:20,4.50,263.0,26.69,,"#teal",2015-07-01-1944.gpx
2015-06-29 21:00:13,Running,,1.84,23:56,13:02,4.60,140.0,14.00,,"#mint",2015-06-29-2100.gpx
2015-06-28 20:03:51,Walking,,2.91,1:08:20,23:31,2.55,177.0,25.64,,,2015-06-28-2003.gpx
2015-06-09 18:34:31,Running,,1.90,44:51,23:39,2.54,157.0,55.36,,"#mint",2015-06-09-1834.gpx
2015-06-06 14:21:46,Hiking,,5.49,2:46:58,30:25,1.97,484.0,205.08,,"Riverplace Nature Trail",2015-06-06-1421.gpx
2015-06-05 19:28:02,Running,,3.08,40:04,12:59,4.62,259.0,16.94,,,2015-06-05-1928.gpx
2015-06-04 20:13:01,Running,,1.80,21:07,11:43,5.12,151.0,14.18,,"#merrell",2015-06-04-2013.gpx
2015-06-04 18:10:44,Hiking,,3.48,1:38:58,28:27,2.11,339.0,260.98,,"Hill of Life",2015-06-04-1810.gpx
2015-06-02 18:28:27,Running,,4.00,47:54,11:58,5.01,352.0,102.98,,"#mint",2015-06-02-1828.gpx
2015-06-01 18:01:47,Running,,2.03,21:52,10:46,5.57,180.0,39.86,,"#teal",2015-06-01-1801.gpx
2015-05-31 20:15:35,Running,,3.98,50:18,12:37,4.75,321.0,55.41,,"#mint",2015-05-31-2015.gpx
2015-05-30 20:14:04,Walking,,2.37,56:48,23:58,2.50,140.0,18.18,,,2015-05-30-2014.gpx
2015-05-30 09:11:05,Hiking,,5.24,2:27:43,28:13,2.13,441.0,224.07,,"Riverplace Nature Trail",2015-05-30-0911.gpx
2015-05-29 18:14:43,Running,,2.02,21:29,10:38,5.65,172.0,47.61,,"#mint",2015-05-29-1814.gpx
2015-05-28 18:19:06,Running,,2.90,36:08,12:29,4.81,239.0,61.00,,"#mint",2015-05-28-1819.gpx
2015-05-26 19:15:27,Running,,2.99,38:35,12:53,4.66,237.0,19.95,,"#mint",2015-05-26-1915.gpx
2015-05-25 19:56:04,Running,,3.04,35:59,11:50,5.07,283.0,29.91,,,2015-05-25-1956.gpx
2015-05-24 20:46:17,Running,,2.47,33:44,13:39,4.39,185.0,17.18,,,2015-05-24-2046.gpx
2015-05-22 20:08:08,Running,,2.01,26:04,12:58,4.63,164.0,13.11,,,2015-05-22-2008.gpx
2015-05-21 08:44:47,Running,,2.00,22:21,11:10,5.37,168.0,13.87,,"Even though it was really cool out (like 65!) this felt really hard about halfway through. I was pretty out of breath afterwards. Maybe because it's in the morning and I'm used to running in the evening?",2015-05-21-0844.gpx
2015-05-19 18:57:11,Running,,2.03,25:36,12:38,4.75,158.0,95.09,,,2015-05-19-1857.gpx
2015-05-18 17:55:07,Running,,1.92,39:13,20:26,2.94,137.0,97.85,,,2015-05-18-1755.gpx
2015-05-16 19:54:06,Running,,3.03,34:14,11:18,5.31,283.0,30.73,,,2015-05-16-1954.gpx
2015-05-15 20:10:10,Walking,,1.74,1:16:26,44:02,1.36,139.0,30.92,,,2015-05-15-2010.gpx
2015-05-15 19:35:32,Running,,2.96,32:56,11:08,5.39,261.0,39.82,,,2015-05-15-1935.gpx
2015-05-14 16:52:27,Running,,3.00,34:36,11:31,5.21,278.0,31.27,,,2015-05-14-1652.gpx
2015-05-12 18:24:45,Running,,3.03,35:43,11:47,5.09,268.0,49.65,,,2015-05-12-1824.gpx
2015-05-11 17:43:41,Running,,2.87,34:41,12:06,4.96,275.0,46.82,,,2015-05-11-1743.gpx
2015-05-09 20:32:25,Running,,3.48,42:38,12:14,4.90,313.0,17.42,,,2015-05-09-2032.gpx
2015-05-08 21:36:32,Running,,2.44,30:13,12:24,4.84,200.0,11.78,,,2015-05-08-2136.gpx
2015-05-07 18:03:43,Running,,3.99,45:22,11:22,5.28,374.0,62.24,,,2015-05-07-1803.gpx
2015-05-06 17:31:44,Running,,2.02,21:29,10:38,5.64,187.0,22.24,,,2015-05-06-1731.gpx
2015-05-04 18:17:59,Running,,3.01,32:54,10:56,5.48,282.0,49.16,,,2015-05-04-1817.gpx
2015-05-03 19:39:22,Running,,3.01,35:07,11:41,5.14,269.0,41.93,,,2015-05-03-1939.gpx
2015-05-02 19:38:58,Walking,,3.98,1:33:55,23:37,2.54,250.0,37.56,,,2015-05-02-1938.gpx
2015-05-01 17:53:10,Running,,3.02,35:31,11:46,5.10,267.0,48.54,,,2015-05-01-1753.gpx
2015-04-30 19:58:19,Running,,2.99,36:51,12:20,4.86,259.0,17.55,,,2015-04-30-1958.gpx
2015-04-28 18:34:12,Running,,1.99,24:20,12:15,4.90,171.0,7.91,,,2015-04-28-1834.gpx
2015-04-26 08:02:31,Hiking,,7.50,3:10:58,25:28,2.36,586.0,110.97,,"This seems to be the same as the previous activity, not sure what's going on here. #delete maybe?",2015-04-26-0802.gpx
2015-04-26 08:00:36,Hiking,,7.49,3:19:17,26:36,2.26,595.0,143.97,,"Colorado Bend State Park with Austin Backpackers Meetup",2015-04-26-0800.gpx
2015-04-25 09:36:50,Hiking,,7.23,6:08:15,50:54,1.18,826.0,254.02,,"Missing about a mile between Gorman Falls and the Windmill trailhead because I forgot to unpause the GPS :P Colorado Bend State Park with Austin Backpackers Meetup",2015-04-25-0936.gpx
2015-04-21 19:08:08,Running,,3.01,35:18,11:43,5.12,280.0,29.64,,,2015-04-21-1908.gpx
2015-04-20 18:47:28,Running,,0.67,7:56,11:55,5.03,58.0,9.77,,,2015-04-20-1847.gpx
2015-04-18 12:40:03,Running,,3.06,36:07,11:49,5.08,284.0,29.91,,,2015-04-18-1240.gpx
2015-04-13 17:43:32,Running,,5.01,1:00:08,12:01,5.00,455.0,66.12,,,2015-04-13-1743.gpx
2015-04-11 12:41:36,Running,,7.93,1:45:51,13:21,4.50,559.0,135.14,,,2015-04-11-1241.gpx
2015-04-10 17:42:37,Running,,5.02,1:00:44,12:06,4.96,428.0,124.85,,,2015-04-10-1742.gpx
2015-04-09 19:36:29,Running,,5.01,59:57,11:58,5.01,446.0,36.35,,,2015-04-09-1936.gpx
2015-04-08 18:14:54,Running,,3.08,33:09,10:46,5.57,290.0,41.64,,,2015-04-08-1814.gpx
2015-04-06 17:50:49,Running,,3.02,33:39,11:08,5.39,284.0,41.71,,,2015-04-06-1750.gpx
2015-04-05 19:29:03,Running,,5.00,1:03:08,12:37,4.75,413.0,77.82,,,2015-04-05-1929.gpx
2015-04-04 15:44:01,Hiking,,5.63,2:24:22,25:40,2.34,455.0,151.34,,"McKinney Roughs?",2015-04-04-1544.gpx
2015-04-03 19:43:48,Running,,3.03,37:44,12:28,4.81,274.0,16.92,,,2015-04-03-1943.gpx
2015-03-31 16:57:09,Running,,3.04,35:22,11:39,5.15,282.0,30.09,,,2015-03-31-1657.gpx
2015-03-30 18:04:37,Running,,4.87,56:02,11:31,5.21,451.0,46.27,,,2015-03-30-1804.gpx
2015-03-28 11:27:00,Running,,8.00,1:43:14,12:55,4.65,635.0,138.48,,,2015-03-28-1127.gpx
2015-03-27 19:17:10,Running,,3.10,37:32,12:08,4.95,272.0,30.99,,,2015-03-27-1917.gpx
2015-03-26 18:03:30,Running,,4.91,1:18:11,15:55,3.77,355.0,192.86,,,2015-03-26-1803.gpx
2015-03-25 17:15:15,Running,,3.01,34:04,11:19,5.30,282.0,49.61,,,2015-03-25-1715.gpx
2015-03-23 18:03:21,Running,,5.17,1:04:24,12:28,4.81,445.0,161.77,,,2015-03-23-1803.gpx
2015-03-22 20:50:07,Walking,,2.22,36:03,16:15,3.69,154.0,11.03,,,2015-03-22-2050.gpx
2015-03-21 22:44:59,Walking,,0.37,9:08,24:48,2.42,23.0,1.24,,,2015-03-21-2244.gpx
2015-03-21 10:18:31,Running,,6.38,1:25:59,13:28,4.45,491.0,50.36,,,2015-03-21-1018.gpx
2015-03-19 18:37:19,Running,,4.97,1:00:49,12:14,4.91,405.0,40.52,,"#teal...as were all the past runs I haven't been tagging",2015-03-19-1837.gpx
2015-03-18 19:46:44,Running,,3.00,35:18,11:47,5.09,249.0,26.12,,,2015-03-18-1946.gpx
2015-03-17 18:41:59,Running,,3.00,39:17,13:07,4.58,234.0,19.11,,,2015-03-17-1841.gpx
2015-03-16 17:55:41,Running,,4.98,1:01:42,12:23,4.85,414.0,66.43,,,2015-03-16-1755.gpx
2015-03-15 14:54:20,Hiking,,5.05,2:04:24,24:37,2.44,395.0,80.44,,"Bastrop State Park",2015-03-15-1454.gpx
2015-03-14 19:43:54,Walking,,1.92,43:02,22:27,2.67,133.0,55.36,,,2015-03-14-1943.gpx
2015-03-14 13:00:38,Running,,6.35,1:22:11,12:57,4.64,506.0,53.76,,"#teal",2015-03-14-1300.gpx
2015-03-13 19:13:45,Walking,,8.63,1:48:27,12:34,4.77,616.0,112.55,,,2015-03-13-1913.gpx
2015-03-12 17:48:43,Running,,4.96,1:04:25,13:00,4.62,394.0,96.23,,,2015-03-12-1748.gpx
2015-03-11 18:23:19,Running,,3.00,32:10,10:43,5.60,263.0,51.71,,,2015-03-11-1823.gpx
2015-03-09 18:25:28,Running,,4.50,58:00,12:53,4.66,358.0,43.45,,"#teal",2015-03-09-1825.gpx
2015-03-07 16:26:43,Running,,6.01,1:19:52,13:17,4.52,497.0,136.23,,"#teal",2015-03-07-1626.gpx
2015-03-06 18:31:45,Running,,3.03,38:47,12:47,4.69,228.0,24.64,,"#teal c25k",2015-03-06-1831.gpx
2015-03-05 17:38:24,Running,,5.03,1:01:17,12:11,4.93,415.0,120.73,,"#teal",2015-03-05-1738.gpx
2015-03-03 20:49:49,Running,,3.02,33:34,11:06,5.40,254.0,38.55,,"#teal I hate the universe and this headache from hell",2015-03-03-2049.gpx
2015-03-02 17:45:28,Running,,5.03,1:00:30,12:02,4.99,431.0,104.32,,"#teal",2015-03-02-1745.gpx
2015-03-01 17:36:01,Running,,3.02,38:27,12:45,4.71,242.0,26.30,,,2015-03-01-1736.gpx
2015-02-27 18:18:22,Running,,3.01,40:10,13:21,4.49,232.0,29.00,,"#teal",2015-02-27-1818.gpx
2015-02-26 17:47:00,Running,,3.03,35:26,11:43,5.12,263.0,75.18,,"#teal",2015-02-26-1747.gpx
2015-02-24 17:52:39,Running,,3.02,35:06,11:37,5.16,263.0,79.18,,"#teal",2015-02-24-1752.gpx
2015-02-23 18:03:06,Running,,2.97,40:21,13:34,4.42,232.0,26.09,,,2015-02-23-1803.gpx
2015-02-22 17:06:35,Walking,,2.52,56:51,22:31,2.66,201.0,24.09,,,2015-02-22-1706.gpx
2015-02-16 17:46:18,Running,,3.04,35:02,11:32,5.20,263.0,76.09,,,2015-02-16-1746.gpx
2015-02-10 17:23:01,Running,,3.50,40:34,11:35,5.18,287.0,78.27,,,2015-02-10-1723.gpx
2015-02-09 17:44:04,Running,,3.01,35:29,11:46,5.10,256.693722890365,77.09,,,2015-02-09-1744.gpx
2015-02-07 12:12:04,Running,,8.01,1:41:52,12:43,4.72,666.754062501127,222.82,,,2015-02-07-1212.gpx
2015-02-06 17:15:00,Running,,5.13,1:00:36,11:48,5.08,448.0,53.82,,,2015-02-06-1715.gpx
2015-02-05 17:15:00,Running,,3.18,32:49,10:20,5.81,285.0,48.22,,"Nice cool weather and just got a raise :)",2015-02-05-1715.gpx
2015-02-03 08:28:57,Running,,3.01,42:17,14:03,4.27,236.022700895167,213.53,,,2015-02-03-0828.gpx
2015-02-02 17:20:45,Running,,5.03,1:01:06,12:09,4.94,432.628606206301,93.82,,,2015-02-02-1720.gpx
2015-01-31 09:39:45,Running,,7.02,1:27:08,12:25,4.83,587.35981022612,188.82,,,2015-01-31-0939.gpx
2015-01-30 17:12:13,Running,,5.03,1:00:21,12:00,5.00,421.874937806963,100.00,,,2015-01-30-1712.gpx
2015-01-29 17:19:11,Running,,3.01,38:40,12:50,4.67,240.442456590048,176.45,,"Hill repeats woot",2015-01-29-1719.gpx
2015-01-27 17:18:34,Running,,5.02,1:00:03,11:58,5.01,407.914273621791,89.00,,,2015-01-27-1718.gpx
2015-01-26 17:21:03,Running,,3.01,35:20,11:44,5.11,244.178468497639,77.45,,,2015-01-26-1721.gpx
2015-01-25 08:24:29,Running,,7.04,1:34:50,13:28,4.46,586.197912827984,147.59,,,2015-01-25-0824.gpx
2015-01-23 17:23:22,Running,,4.02,47:06,11:43,5.12,336.534833726983,60.23,,,2015-01-23-1723.gpx
2015-01-22 17:24:00,Running,,4.13,48:00,11:38,5.16,379.0,61.90,,,2015-01-22-1724.gpx
2015-01-20 17:29:43,Running,,4.02,49:55,12:25,4.83,328.875932793693,112.09,,,2015-01-20-1729.gpx
2015-01-19 17:07:50,Running,,5.02,59:09,11:48,5.09,423.360797539183,89.91,,,2015-01-19-1707.gpx
2015-01-18 09:45:59,Hiking,,5.43,2:41:13,29:43,2.02,493.0,193.36,,"Colorado Bend State Park",2015-01-18-0945.gpx
2015-01-17 17:25:48,Hiking,,0.93,20:53,22:25,2.68,77.0,37.48,,"Colorado Bend State Park",2015-01-17-1725.gpx
2015-01-17 11:58:36,Hiking,,8.79,4:32:39,31:02,1.93,821.0,344.55,,"Colorado Bend State Park",2015-01-17-1158.gpx
2015-01-15 17:04:55,Running,,5.03,59:33,11:51,5.06,428.197400554696,98.36,,,2015-01-15-1704.gpx
2015-01-13 17:44:13,Running,,3.01,41:41,13:50,4.34,249.981223782492,111.82,,,2015-01-13-1744.gpx
2015-01-12 16:57:51,Running,,5.03,1:02:03,12:20,4.87,425.437928587316,94.55,,,2015-01-12-1657.gpx
2015-01-10 10:09:18,Running,"Hancock, Balcones, Mt. Bonnel, 35th, Shoal Creek",7.10,1:39:27,14:01,4.28,598.267496193046,169.27,,,2015-01-10-1009.gpx
2015-01-09 17:43:25,Running,,2.04,23:07,11:21,5.28,168.308766242766,32.64,,"#merrel",2015-01-09-1743.gpx
2015-01-08 17:47:08,Running,,3.03,36:24,12:01,4.99,255.477605601893,75.91,,,2015-01-08-1747.gpx
2015-01-07 17:11:50,Running,,4.04,49:28,12:15,4.90,333.421646535643,119.27,,,2015-01-07-1711.gpx
2015-01-05 17:00:30,Running,,4.02,46:58,11:41,5.14,350.048770327084,99.09,,,2015-01-05-1700.gpx
2015-01-03 13:52:31,Hiking,,8.69,4:10:41,28:51,2.08,730.0,195.55,124,"Pedernales Falls State Park",2015-01-03-1352.gpx
2015-01-02 12:20:20,Running,,5.04,1:02:45,12:27,4.82,415.606081863077,112.38,166,,2015-01-02-1220.gpx
2015-01-01 17:17:00,Running,,3.04,37:33,12:22,4.85,247.686467187517,38.09,,"Happy new year! ",2015-01-01-1717.gpx
2014-12-30 15:53:19,Running,,3.02,36:53,12:14,4.91,259.291011157168,39.18,,,2014-12-30-1553.gpx
2014-12-29 17:02:02,Running,,3.03,37:46,12:28,4.81,256.048189003614,38.45,,,2014-12-29-1702.gpx
2014-12-28 12:43:52,Running,,3.03,37:29,12:23,4.85,251.132580583509,61.82,,,2014-12-28-1243.gpx
2014-12-26 13:13:33,Hiking,,4.32,1:36:03,22:14,2.70,336.0,50.80,,"Elm Lake and 40 Acre Lake, Brazos Bend State Park",2014-12-26-1313.gpx
2014-12-24 16:43:23,Walking,,3.66,1:12:53,19:55,3.01,234.064230453727,34.64,,,2014-12-24-1643.gpx
2014-12-18 17:22:36,Running,,2.44,28:12,11:34,5.19,209.673420822793,30.82,,,2014-12-18-1722.gpx
2014-12-17 20:59:00,Running,,3.26,43:09,13:13,4.54,248.0,49.02,,"3 hill repeats. Accidentally put run keeper on pause on other event :(",2014-12-17-2059.gpx
2014-12-17 08:59:21,Running,,1.48,21:34,14:37,4.11,124.0,91.12,,"#delete
Accidentally pushed pause. Made another activity for this one.",2014-12-17-0859.gpx
2014-12-15 18:36:48,Walking,,4.26,2:33:49,36:05,1.66,350.564611812575,99.26,,,2014-12-15-1836.gpx
2014-12-15 08:02:07,Running,,5.02,1:00:20,12:01,4.99,410.836095189203,94.64,,,2014-12-15-0802.gpx
2014-12-13 10:05:50,Running,,7.01,1:50:16,15:44,3.81,526.93556990641,236.09,,,2014-12-13-1005.gpx
2014-12-12 07:58:51,Running,,5.02,1:02:55,12:32,4.79,402.242317748329,89.91,,,2014-12-12-0758.gpx
2014-12-10 08:54:49,Running,,3.01,37:21,12:25,4.84,242.625693372618,70.00,,,2014-12-10-0854.gpx
2014-12-09 07:56:20,Running,,5.03,1:05:56,13:07,4.58,390.045583604132,130.91,,,2014-12-09-0756.gpx
2014-12-07 08:24:53,Running,,7.02,1:35:25,13:36,4.41,547.276247882853,150.45,,,2014-12-07-0824.gpx
2014-12-05 07:45:14,Running,,4.90,1:02:47,12:49,4.68,388.739706655857,60.45,,,2014-12-05-0745.gpx
2014-12-03 16:52:04,Running,,3.03,40:28,13:22,4.49,233.593389656974,79.09,,,2014-12-03-1652.gpx
2014-12-02 16:47:54,Running,,5.01,1:05:59,13:10,4.56,391.909323021307,92.18,,,2014-12-02-1647.gpx
2014-11-29 11:40:46,Hiking,,3.69,2:19:08,37:45,1.59,419.0,315.95,,"Pine Canyon Trail, Big Bend National Park",2014-11-29-1140.gpx
2014-11-28 09:10:36,Hiking,,11.79,7:33:02,38:25,1.56,1314.0,1083.18,,"South Rim, Big Bend",2014-11-28-0910.gpx
2014-11-27 16:19:53,Hiking,,0.10,7:43,81:15,0.74,7.0,0.00,,"#delete",2014-11-27-1619.gpx
2014-11-27 09:32:04,Hiking,,7.24,4:54:03,40:36,1.48,809.0,388.36,,"Window Trail, Big Bend National Park",2014-11-27-0932.gpx
2014-11-23 14:55:20,Hiking,,4.96,2:24:24,29:06,2.06,485.0,454.73,,"Hill of Life",2014-11-23-1455.gpx
2014-11-22 09:29:26,Running,,5.01,1:03:28,12:41,4.73,403.877261914179,61.55,,,2014-11-22-0929.gpx
2014-11-20 08:12:38,Running,,5.03,1:15:24,14:59,4.00,419.216341675157,144.82,,,2014-11-20-0812.gpx
2014-11-19 08:18:24,Running,,3.01,36:35,12:08,4.94,251.900305980126,77.45,,,2014-11-19-0818.gpx
2014-11-17 10:18:10,Hiking,,8.28,4:17:33,31:07,1.93,777.0,423.36,,"Lost Maples State Park",2014-11-17-1018.gpx
2014-11-16 10:22:04,Hiking,,10.01,5:21:26,32:07,1.87,996.0,629.00,,"Garner State Park",2014-11-16-1022.gpx
2014-11-15 16:35:35,Hiking,,1.92,1:17:03,40:02,1.50,223.0,191.79,,"Garner State Park",2014-11-15-1635.gpx
2014-11-14 16:34:44,Running,,6.02,1:32:56,15:26,3.89,453.728203937389,208.41,,,2014-11-14-1634.gpx
2014-11-13 08:18:28,Running,,5.01,1:05:53,13:09,4.57,399.651084750235,99.73,,,2014-11-13-0818.gpx
2014-11-11 08:09:01,Running,,4.02,53:46,13:22,4.49,308.871188119076,100.91,,,2014-11-11-0809.gpx
2014-11-10 07:57:46,Running,,5.01,1:06:35,13:17,4.52,392.547085443102,128.55,,,2014-11-10-0757.gpx
2014-11-09 15:14:10,Hiking,,5.00,2:52:05,34:24,1.74,483.0,238.18,,"Lakeway",2014-11-09-1514.gpx
2014-11-08 10:12:01,Running,,3.02,37:18,12:22,4.85,248.110621241636,39.18,,,2014-11-08-1012.gpx
2014-11-07 18:01:29,Walking,,2.71,58:45,21:41,2.77,174.171525268733,24.09,,,2014-11-07-1801.gpx
2014-11-06 08:54:06,Running,,3.01,38:06,12:39,4.74,242.615246712445,76.45,,,2014-11-06-0854.gpx
2014-11-04 08:37:12,Running,,3.00,40:58,13:38,4.40,226.712795095507,75.61,,,2014-11-04-0837.gpx
2014-11-03 08:25:39,Running,,3.00,40:51,13:38,4.40,239.0,82.73,,,2014-11-03-0825.gpx
2014-11-02 09:42:19,Running,,5.00,1:10:29,14:06,4.26,383.32644706863,89.24,,,2014-11-02-0942.gpx
2014-11-01 14:59:49,Hiking,,6.29,2:38:27,25:11,2.38,531.0,211.85,,"Barton Creek Greenbelt",2014-11-01-1459.gpx
2014-10-31 17:55:21,Running,,5.15,1:09:24,13:28,4.45,368.0,26.39,156,"Max 171",2014-10-31-1755.gpx
2014-10-29 09:00:05,Running,,3.02,41:07,13:38,4.40,228.510171220774,78.17,171,"Max 180",2014-10-29-0900.gpx
2014-10-28 08:48:52,Running,,4.02,59:28,14:47,4.06,293.154057056318,86.41,162,"Max 177",2014-10-28-0848.gpx
2014-10-26 17:48:20,Running,,5.01,1:17:03,15:23,3.90,352.565222003543,120.64,156,"Max 169",2014-10-26-1748.gpx
2014-10-25 18:39:44,Running,,4.02,58:22,14:32,4.13,290.264180819937,51.95,160,"Max 170",2014-10-25-1839.gpx
2014-10-23 18:38:00,Running,,3.20,37:39,11:46,5.10,265.0,21.36,168,"max 176. Tablet crashed after 4 mins, so this is guestimated.",2014-10-23-1838.gpx
2014-10-21 18:36:40,Running,,4.00,58:48,14:42,4.08,286.740198059635,45.65,155,"Max 165",2014-10-21-1836.gpx
2014-10-19 18:25:28,Running,,5.05,1:14:57,14:50,4.04,368.2120825989,117.27,157,"Max 170",2014-10-19-1825.gpx
2014-10-18 14:26:01,Hiking,,8.16,3:41:10,27:06,2.21,702.0,323.45,136,"Max 167. Happy bday me! Colorado Bend State Park",2014-10-18-1426.gpx
2014-10-17 18:25:28,Running,,4.02,1:00:00,14:55,4.02,293.987425151351,211.36,155,"Max 178",2014-10-17-1825.gpx
2014-10-16 09:01:50,Running,,3.07,41:28,13:31,4.44,240.617846936093,54.17,,,2014-10-16-0901.gpx
2014-10-13 11:10:27,Running,,3.86,57:48,14:59,4.00,293.350356881054,79.36,,,2014-10-13-1110.gpx
2014-10-12 18:06:52,Hiking,,2.24,1:07:37,30:09,1.99,195.0,58.56,,"Cave! McCormick's Creek State Park, Indiana",2014-10-12-1806.gpx
2014-10-11 17:56:55,Hiking,,2.58,1:12:40,28:13,2.13,240.0,154.91,,"Brown County State Park, Indiana",2014-10-11-1756.gpx
2014-10-11 16:28:51,Hiking,,1.19,39:42,33:18,1.80,120.0,76.37,,"Brown County State Park, Indiana",2014-10-11-1628.gpx
2014-10-07 18:58:32,Running,,3.04,38:47,12:45,4.71,246.271505624391,38.00,167,"Max 176",2014-10-07-1858.gpx
2014-10-06 19:04:46,Running,,4.02,59:52,14:53,4.03,291.012140916134,41.36,,"Hrm flaky",2014-10-06-1904.gpx
2014-10-04 11:22:00,Running,,4.03,1:05:12,16:12,3.70,255.0,59.67,156,"Max  172",2014-10-04-1122.gpx
2014-10-02 09:04:09,Running,,3.26,50:09,15:23,3.90,209.0,25.85,157,"Max 179. Mega humid",2014-10-02-0904.gpx
2014-09-30 09:08:27,Running,,2.50,31:38,12:39,4.74,193.0,26.50,,"Ate the run past .81 mi >:( This is starting to piss me off runkeeper",2014-09-30-0908.gpx
2014-09-29 08:23:52,Running,,3.24,50:04,15:27,3.88,221.0,48.82,155,"Max 185. Lovely weather though still slow",2014-09-29-0823.gpx
2014-09-27 23:30:00,Running,,3.69,55:00,14:54,4.03,240.0,19.45,157,"Max 172. Maybe shouldn't run so close to last run.",2014-09-27-2330.gpx
2014-09-27 11:33:09,Running,,0.42,6:29,15:23,3.90,29.0,7.91,,,2014-09-27-1133.gpx
2014-09-26 19:19:48,Running,,3.31,50:01,15:07,3.97,226.0,38.45,154,"Max 165",2014-09-26-1919.gpx
2014-09-25 19:24:57,Running,,2.73,37:58,13:53,4.32,200.0,30.09,,,2014-09-25-1924.gpx
2014-09-22 16:57:15,Running,,3.28,50:00,15:14,3.94,226.0,38.91,153,"Max 165",2014-09-22-1657.gpx
2014-09-20 15:14:06,Running,,3.25,52:58,16:19,3.68,219.0,41.21,161,"Max 181. Super hot and humid",2014-09-20-1514.gpx
2014-09-19 19:00:00,Running,"Torchy's Turnaround",2.89,44:00,15:14,3.94,196.0,33.91,154,"max 167",2014-09-19-1900.gpx
2014-09-16 18:15:00,Running,,2.94,36:10,12:19,4.87,237.0,21.33,,"No hrm today. Pretty tired afterwards.",2014-09-16-1815.gpx
2014-09-15 19:17:54,Running,,2.89,44:04,15:16,3.93,195.0,34.09,154,"Max 164",2014-09-15-1917.gpx
2014-09-14 19:02:00,Walking,,3.84,1:27:00,22:39,2.65,247.0,83.55,,,2014-09-14-1902.gpx
2014-09-10 17:34:38,Running,"Home 2.25 Loop",2.51,36:00,14:21,4.18,138.0,17.33,154,"Max 171 sprinted BC running late haha. Runkeeper ate my run so guessed at distance and duration :(",2014-09-10-1734.gpx
2014-09-09 19:30:00,Running,,3.21,44:00,13:43,4.38,227.0,18.93,154,"max 163. It's getting cooler!",2014-09-09-1930.gpx
2014-09-07 18:46:53,Walking,,6.96,2:24:32,20:46,2.89,441.0,134.27,120,"Max 157. Hrm died a lot",2014-09-07-1846.gpx
2014-09-06 19:45:32,Running,,2.93,44:49,15:19,3.92,197.0,32.77,154,"Max 164",2014-09-06-1945.gpx
2014-09-04 18:30:12,Running,,3.17,44:06,13:56,4.31,227.0,38.24,151,"Max 166. Ate my run >:( So this is entered manually",2014-09-04-1830.gpx
2014-09-02 19:54:52,Running,,2.77,44:06,15:55,3.77,186.0,31.70,153,"Max 162",2014-09-02-1954.gpx
2014-09-01 19:42:50,Running,,2.87,44:25,15:30,3.87,197.0,39.36,149,"Max 160. Tried to keep hr < 154",2014-09-01-1942.gpx
2014-08-31 19:24:05,Walking,,4.64,1:32:34,19:56,3.01,318.0,144.39,120,"Hrm crashed several times",2014-08-31-1924.gpx
2014-08-30 14:00:00,Running,,3.11,44:45,14:23,4.17,217.0,,155,"Ave 155 max 167",
2014-08-29 21:00:03,Running,,3.01,43:34,14:29,4.14,215.0,39.45,155,"Max 168",2014-08-29-2100.gpx
2014-08-26 18:30:36,Running,,2.48,33:30,13:30,4.44,183.0,24.18,,,2014-08-26-1830.gpx
2014-08-25 19:35:12,Running,,3.05,44:14,14:31,4.14,214.0,39.00,161,"Max 173",2014-08-25-1935.gpx
2014-08-24 14:00:00,Running,,2.96,44:42,15:06,3.97,197.0,,158,"max 170. Didn't eat much beforehand. Felt very tired throughout, walked last easy interval",
2014-08-21 08:52:46,Running,,2.92,44:36,15:18,3.92,203.0,49.18,161,,2014-08-21-0852.gpx
2014-08-19 19:27:34,Running,,3.05,43:38,14:19,4.19,213.0,39.27,157,,2014-08-19-1927.gpx
2014-08-18 18:00:00,Running,,3.24,44:52,13:51,4.33,234.0,,,,
2014-08-17 19:03:26,Walking,,0.32,9:19,28:48,2.08,23.0,2.73,,,2014-08-17-1903.gpx
2014-08-16 19:59:28,Running,,2.85,43:37,15:19,3.92,199.0,38.55,,,2014-08-16-1959.gpx
2014-08-14 19:42:10,Running,,3.07,44:18,14:26,4.15,219.0,38.00,155,"Ave 155 max 168",2014-08-14-1942.gpx
2014-08-10 15:04:05,Hiking,,4.52,2:16:44,30:14,1.98,395.0,125.76,131,"Ave 131 max 167. Canyon of the Eagles anniversary hike",2014-08-10-1504.gpx
2014-08-08 20:14:13,Running,,1.89,26:29,14:00,4.29,138.0,24.98,166,"Ave 166 max 176",2014-08-08-2014.gpx
2014-08-08 19:53:56,Running,,1.19,16:07,13:34,4.42,88.0,11.42,,,2014-08-08-1953.gpx
2014-08-06 19:41:47,Running,,3.22,52:19,16:15,3.69,233.0,41.00,158,"Mid run poop. Max 171",2014-08-06-1941.gpx
2014-08-03 19:25:37,Walking,,4.99,1:46:25,21:20,2.81,325.0,116.82,113,,2014-08-03-1925.gpx
2014-08-02 11:57:15,Running,,3.05,43:35,14:17,4.20,221.0,39.36,164,,2014-08-02-1157.gpx
2014-08-01 19:19:17,Walking,,3.36,1:13:34,21:53,2.74,213.0,60.36,,,2014-08-01-1919.gpx
2014-07-31 08:41:45,Running,,3.06,44:25,14:31,4.13,216.0,41.73,,,2014-07-31-0841.gpx
2014-07-30 08:32:55,Running,,3.14,43:49,13:57,4.30,235.0,53.91,159,"ave 159 max 172",2014-07-30-0832.gpx
2014-07-27 19:45:00,Running,,3.46,48:38,14:03,4.27,250.0,,,"Treadmill. Running portion was 44 minutes, the rest was warmup and cooldownish. Did white plan phase iv day 1: 30E + 6 x ST + 6E. Ave 147 and max 162, but only for last 15 mins (forgot to record before that.) Ave was probably higher, crept up in the first 30 min. Went to like 10:45 on the strides which was really fun! Though right hip hurt some during that",
2014-07-26 10:03:03,Running,,2.81,45:10,16:06,3.73,192.0,15.04,150,"Outside!! So humid. Hard to keep heartrate down, hence the very slow pace. Includes deliberate walking intervals. White plan phase iii day last day. Ave 150 max 165",2014-07-26-1003.gpx
2014-07-25 21:49:26,Walking,,0.00,0:00,,,0.0,0.00,,,2014-07-25-2149.gpx
2014-07-24 17:45:00,Running,,2.23,30:00,13:27,4.46,168.0,,154,"Treadmill! Max 163",
2014-07-21 17:45:20,Running,,4.00,56:47,14:12,4.23,287.0,,150,"Treadmill.  Ave 150 max 166",
2014-07-19 12:00:00,Running,,5.00,1:05:13,13:03,4.60,392.0,,155,"Treadmill. Tried to keep heart rate slow, had to walk a lot. Skeptical of average pace, I thought it was even slower.",
2014-07-17 19:39:08,Running,,4.00,49:34,12:24,4.84,316.0,,,"Treadmill. ",
2014-07-16 17:30:00,Running,,2.00,25:41,12:51,4.67,159.0,,,"Treadmill. Bumped incline up to 1 over the course of the run",
2014-07-15 17:00:00,Running,,3.00,38:03,12:41,4.73,242.0,,,"Treadmill. Went fine",
2014-07-13 14:30:00,Running,,5.00,1:05:00,13:00,4.62,390.0,,,"Treadmill. Ok, kind of tired. Watched ds9",
2014-07-10 09:21:00,Running,,3.00,36:14,12:05,4.97,257.0,,,"Treadmill. Great! Started slow and sped up. Incline 0 for first half, .5 for second half. Had a handful of granola before leaving for work.",
2014-07-09 09:00:00,Running,,1.85,20:43,11:13,5.35,170.0,19.46,,"Merrel. Went great! Felt really good the whole time and afterwards. Had a handful of granola before leaving",2014-07-09-0900.gpx
2014-07-08 08:45:00,Running,,3.00,38:43,12:54,4.65,224.0,,,"Treadmill. Felt like I was going to die. HR 160 at the end. When treadmill stopped briefly felt lightheaded and sounds of the gym sounded very faint. Incline .5",
2014-07-06 20:20:00,Running,,2.09,23:46,11:21,5.29,183.0,0.00,,,2014-07-06-2020.gpx
2014-07-05 21:47:55,Walking,,2.19,52:51,24:08,2.49,192.0,295.60,,,2014-07-05-2147.gpx
2014-07-03 20:56:47,Walking,,2.18,53:44,24:36,2.44,136.0,13.27,,,2014-07-03-2056.gpx
2014-07-02 22:16:21,Walking,,2.31,57:22,24:48,2.42,145.0,13.73,,,2014-07-02-2216.gpx
2014-07-01 20:39:55,Walking,,3.04,57:07,18:47,3.19,223.0,26.82,,,2014-07-01-2039.gpx
2014-06-28 19:12:45,Running,,5.02,1:29:50,17:54,3.35,389.0,105.66,,"Terrible. Almost fainted haha. Vision went yellow, could only see bright lights for a few seconds. Felt very lightheaded. Had to sit down and could barely hear the person who was talking to me. Was sweating a lot and heart was racing, had mild trouble breathing. Felt pretty bad before that too, had taken a couple walking breaks because of crazy beating heart and shortness of breath. I had only had some butternut squash/chicken soup and a chocolate chip cookie, so I think that contributed. Maybe hadn't drunk enough water, though I thought I had. Temp 87.1 °F, heat index 92.8 °F or maybe 95. Hmm, that doesn't actually seem that bad. However, the new boardwalk on the river by 35 is quite nice, I can say that much.",2014-06-28-1912.gpx
2014-06-27 19:05:51,Running,,3.02,41:56,13:53,4.32,254.0,76.18,,,2014-06-27-1905.gpx
2014-06-25 20:27:00,Running,"Asmara Loop with Warmup",3.13,40:00,12:46,4.70,249.0,53.64,,"Knees started hurting toward end, both itb and top. It down poured about a mile away from my car! Got totally soaked. Did 2 short sprints/strides in the middle.",2014-06-25-2027.gpx
2014-06-24 17:22:45,Running,,1.81,26:05,14:23,4.17,141.0,56.06,,"#Merrel
Ran in the mysterious possibly illegal area of the balcones canyonlands. Had to slow down a couple places to cross water. Ran into an old guy with his cute chocolate lab.",2014-06-24-1722.gpx
2014-06-22 18:23:39,Running,,5.01,1:28:20,17:37,3.41,374.0,81.79,,"The run from hell! Forgot my tablet and drove back to get it. Then, dropped it on the run! Fortunately the first people I ran into had found it. It was a million degrees and my knees started hurting bad on the tops. I stopped off to use my go girl and got a billion tiny burrs in my socks and shoes.",2014-06-22-1823.gpx
2014-06-21 08:10:33,Hiking,,4.30,2:20:14,32:39,1.84,392.0,177.14,,"Lakeway",2014-06-21-0810.gpx
2014-06-19 08:50:00,Running,"Asmara Loop with Warmup",3.13,40:00,12:46,4.70,249.0,53.64,,,2014-06-19-0850.gpx
2014-06-18 17:30:00,Running,,1.49,19:30,13:04,4.59,112.0,12.24,,,2014-06-18-1730.gpx
2014-06-17 09:00:00,Running,,1.98,26:00,13:07,4.58,149.0,19.33,,,2014-06-17-0900.gpx
2014-06-15 19:00:00,Running,,3.82,46:00,12:02,4.99,324.0,55.09,,,2014-06-15-1900.gpx
2014-06-13 19:00:00,Running,,2.03,24:06,11:53,5.05,175.0,12.52,,,2014-06-13-1900.gpx
2014-06-11 08:15:00,Running,,2.01,24:00,11:58,5.01,169.0,20.00,,,2014-06-11-0815.gpx
2014-06-10 08:35:00,Running,,3.13,43:00,13:44,4.37,229.0,53.64,,,2014-06-10-0835.gpx
2014-06-07 11:30:00,Running,,2.76,34:00,12:18,4.88,229.0,41.00,,,2014-06-07-1130.gpx
2014-06-05 08:30:00,Running,,2.43,32:00,13:10,4.56,181.0,20.68,,,2014-06-05-0830.gpx
2014-06-04 07:46:00,Running,,2.90,38:00,13:06,4.58,219.0,30.70,,,2014-06-04-0746.gpx
2014-06-03 08:40:00,Running,,1.88,26:00,13:52,4.33,133.0,18.88,,,2014-06-03-0840.gpx
2014-05-28 08:24:00,Running,,1.94,24:00,12:21,4.86,157.0,17.50,,"Getting hot :(",2014-05-28-0824.gpx
2014-05-25 21:53:07,Running,,4.27,1:00:00,14:04,4.27,306.0,78.71,,,2014-05-25-2153.gpx
2014-05-23 20:32:00,Running,,2.25,27:00,11:59,5.01,189.0,17.52,,,2014-05-23-2032.gpx
2014-05-21 08:10:00,Running,"Asmara loop",3.10,40:00,12:54,4.65,245.0,58.70,,,2014-05-21-0810.gpx
2014-05-20 08:00:00,Running,,3.10,40:00,12:54,4.65,245.0,58.70,,,2014-05-20-0800.gpx
2014-05-17 16:55:00,Running,,4.28,54:00,12:38,4.75,342.0,64.22,,,2014-05-17-1655.gpx
2014-05-15 08:15:00,Running,,2.62,34:00,12:58,4.63,203.0,40.13,,,2014-05-15-0815.gpx
2014-05-14 07:30:00,Running,,3.00,36:00,11:59,5.00,247.0,8.47,,,2014-05-14-0730.gpx
2014-05-13 08:11:00,Running,,2.50,30:00,12:00,5.00,204.0,,,,
2014-05-06 08:30:00,Running,,2.50,31:14,12:30,4.80,194.0,,,,
2014-05-04 12:23:35,Hiking,,3.91,1:33:54,24:02,2.50,318.0,90.62,,"#delete Purgatory Creek",2014-05-04-1223.gpx
2014-05-04 10:31:56,Hiking,,3.53,1:23:45,23:43,2.53,275.0,56.26,,"#delete Purgatory Creek",2014-05-04-1031.gpx
2014-05-04 10:31:00,Hiking,,7.39,2:32:26,20:37,2.91,565.0,155.16,,"Combined the other two hikes on this day into one file. Purgatory Creek",2014-05-04-1031.gpx
2014-05-03 12:28:58,Running,,3.01,37:40,12:30,4.80,246.0,41.57,,,2014-05-03-1228.gpx
2014-05-01 08:08:47,Running,,2.52,29:19,11:40,5.15,227.0,87.55,,,2014-05-01-0808.gpx
2014-04-30 08:02:54,Running,,3.02,35:54,11:54,5.04,261.0,80.64,,,2014-04-30-0802.gpx
2014-04-28 08:07:35,Running,,2.51,30:30,12:09,4.94,220.0,83.02,,,2014-04-28-0807.gpx
2014-04-26 17:16:21,Running,,0.07,3:32,48:29,1.24,7.0,0.00,,,2014-04-26-1716.gpx
2014-04-26 06:22:13,Running,,5.00,1:07:02,13:24,4.48,391.0,90.41,,,2014-04-26-0622.gpx
2014-04-23 08:09:17,Running,,2.18,26:38,12:14,4.90,181.0,37.09,,,2014-04-23-0809.gpx
2014-04-22 08:13:01,Running,,3.01,38:10,12:41,4.73,250.0,82.09,,,2014-04-22-0813.gpx
2014-04-21 07:57:42,Running,,2.51,30:39,12:14,4.90,266.0,311.30,,,2014-04-21-0757.gpx
2014-04-19 09:37:05,Running,,3.02,37:41,12:29,4.80,242.0,29.82,,,2014-04-19-0937.gpx
2014-04-16 07:38:18,Running,,2.01,23:38,11:45,5.11,170.0,20.73,,,2014-04-16-0738.gpx
2014-04-15 07:55:20,Running,,3.01,37:28,12:27,4.82,253.0,81.65,,,2014-04-15-0755.gpx
2014-04-14 17:49:45,Running,,2.02,23:54,11:51,5.06,221.0,247.40,,,2014-04-14-1749.gpx
2014-04-12 11:29:30,Running,,3.22,41:55,13:01,4.61,257.0,45.73,,,2014-04-12-1129.gpx
2014-04-09 09:06:19,Running,,2.00,22:34,11:17,5.32,173.0,38.74,,,2014-04-09-0906.gpx
2014-04-08 08:10:31,Running,,3.01,36:38,12:10,4.93,257.0,79.35,,,2014-04-08-0810.gpx
2014-04-07 18:07:42,Running,,2.01,22:43,11:18,5.31,162.0,34.97,,,2014-04-07-1807.gpx
2014-04-01 17:51:33,Running,,3.00,36:27,12:08,4.94,253.0,72.20,,,2014-04-01-1751.gpx
2014-03-31 17:30:30,Running,,2.01,23:00,11:28,5.23,169.0,29.73,,,2014-03-31-1730.gpx
2014-03-29 07:55:54,Running,,3.01,37:06,12:19,4.87,251.0,63.48,,,2014-03-29-0755.gpx
2014-03-27 18:06:49,Running,,2.01,24:13,12:04,4.97,169.0,31.15,,,2014-03-27-1806.gpx
2014-03-25 17:27:26,Running,,3.01,34:21,11:25,5.25,250.0,74.23,,,2014-03-25-1727.gpx
2014-03-24 17:45:31,Running,,2.01,23:15,11:34,5.19,162.0,31.26,,,2014-03-24-1745.gpx
2014-03-23 15:25:47,Hiking,,3.24,1:46:53,32:58,1.82,277.0,27.77,,"Berry Springs County Park",2014-03-23-1525.gpx
2014-03-22 10:27:42,Running,,4.01,50:48,12:41,4.73,327.0,80.55,,,2014-03-22-1027.gpx
2014-03-20 17:21:33,Running,,1.51,18:06,11:58,5.02,127.0,19.38,,,2014-03-20-1721.gpx
2014-03-18 18:01:58,Running,,3.00,36:36,12:11,4.92,255.0,78.71,,"The first slow spike was because there was this dog chasing me! So I walked for a bit. Then, I slowed down because I lifted today for the second time in awhile and my legs were really tired haha :\",2014-03-18-1801.gpx
2014-03-17 17:44:05,Running,,2.01,23:30,11:41,5.14,172.0,26.45,,":/",2014-03-17-1744.gpx
2014-03-15 10:48:56,Running,,1.53,18:05,11:51,5.06,210.0,394.30,,":(",2014-03-15-1048.gpx
2014-03-13 18:10:36,Running,,1.52,17:19,11:23,5.27,196.0,279.40,,,2014-03-13-1810.gpx
2014-03-11 17:35:41,Running,,3.01,36:25,12:07,4.95,397.0,655.70,,,2014-03-11-1735.gpx
2014-03-10 18:03:05,Running,,1.51,17:29,11:33,5.20,131.0,26.98,,,2014-03-10-1803.gpx
2014-03-08 11:21:11,Running,,3.51,42:00,11:59,5.01,295.0,31.86,,,2014-03-08-1121.gpx
2014-03-06 17:50:27,Running,,1.52,17:53,11:48,5.09,128.0,19.89,,,2014-03-06-1750.gpx
2014-03-04 17:35:51,Running,,3.01,34:37,11:31,5.21,340.0,392.10,,,2014-03-04-1735.gpx
2014-03-03 13:27:00,Running,,1.50,19:00,12:40,4.74,115.0,,,,
2014-03-02 11:48:18,Hiking,,6.83,3:24:51,29:59,2.00,613.0,284.73,,"Hill Country State Natural Area",2014-03-02-1148.gpx
2014-03-01 17:20:11,Hiking,,4.07,1:36:55,23:50,2.52,323.0,105.16,,"Hill Country State Natural Area",2014-03-01-1720.gpx
2014-02-28 17:15:16,Running,,3.01,35:52,11:56,5.03,261.0,74.18,,":\",2014-02-28-1715.gpx
2014-02-27 17:52:00,Running,,1.52,17:26,11:30,5.21,130.0,22.18,,":)",2014-02-27-1752.gpx
2014-02-25 18:10:51,Running,,3.02,34:58,11:36,5.17,256.0,35.73,,,2014-02-25-1810.gpx
2014-02-24 18:01:38,Running,,1.50,16:02,10:41,5.62,121.0,16.41,,,2014-02-24-1801.gpx
2014-02-23 18:24:18,Walking,,1.22,26:14,21:36,2.78,78.0,26.32,,"We actually went twice this distance but Tabby decided to restart. Booo. So total of 2.44 mi I'd say!",2014-02-23-1824.gpx
2014-02-23 17:58:38,Walking,,0.38,8:09,21:15,2.82,26.0,15.44,,,2014-02-23-1758.gpx
2014-02-22 21:30:24,Walking,,1.77,32:37,18:26,3.25,109.0,19.12,,,2014-02-22-2130.gpx
2014-02-21 17:46:23,Walking,,1.80,36:06,20:04,2.99,116.0,18.73,,,2014-02-21-1746.gpx
2014-02-20 17:42:38,Walking,,0.90,16:29,18:23,3.26,56.0,13.18,,,2014-02-20-1742.gpx
2014-02-20 17:18:00,Running,,2.02,23:40,11:44,5.11,176.0,53.11,,,2014-02-20-1718.gpx
2014-02-18 18:05:25,Walking,,0.66,12:12,18:34,3.23,42.0,18.82,,,2014-02-18-1805.gpx
2014-02-18 17:22:44,Running,,3.02,39:55,13:14,4.53,252.0,122.55,,,2014-02-18-1722.gpx
2014-02-17 18:11:33,Walking,,1.75,37:26,21:25,2.80,147.0,220.40,,,2014-02-17-1811.gpx
2014-02-17 18:11:12,Walking,,0.03,0:15,7:46,7.72,3.0,4.00,,,2014-02-17-1811.gpx
2014-02-16 14:42:25,Running,,4.01,54:05,13:29,4.45,314.0,78.27,,,2014-02-16-1442.gpx
2014-02-13 17:46:34,Running,,2.51,45:39,18:10,3.30,201.0,141.06,,"Damn rocks and hills",2014-02-13-1746.gpx
2014-02-11 18:27:48,Running,,2.01,23:13,11:32,5.20,169.0,27.27,,,2014-02-11-1827.gpx
2014-02-10 20:24:14,Walking,,1.73,34:16,19:47,3.03,150.0,259.90,,,2014-02-10-2024.gpx
2014-02-10 20:24:14,Walking,,1.42,27:25,19:22,3.10,88.0,18.15,,,2014-02-10-2024.gpx
2014-02-09 09:25:59,Hiking,,4.16,2:34:15,37:06,1.62,393.0,155.62,,"Lost Maples",2014-02-09-0925.gpx
2014-02-08 16:18:38,Hiking,,0.50,27:19,55:02,1.09,83.0,93.58,,"Lost Maples. #delete",2014-02-08-1618.gpx
2014-02-08 11:12:14,Hiking,,5.42,3:51:39,42:44,1.40,569.0,274.03,,"Lost Maples. #delete",2014-02-08-1112.gpx
2014-02-08 05:12:14,Hiking,,5.82,2:50:00,29:13,2.05,546.0,400.70,,"This is my combined file of the two hikes this day which are really one hike, but the app crashed. Also ran my script to connect all the points. So there were not 3 hikes today, there was one, this one, but I don't want to delete the other entries as backup. Lost Maples",2014-02-08-0512.gpx
2014-02-03 20:33:02,Walking,,1.77,32:02,18:08,3.31,115.0,18.27,,,2014-02-03-2033.gpx
2014-02-03 13:08:26,Running,,2.52,31:50,12:37,4.76,209.0,52.94,,,2014-02-03-1308.gpx
2014-02-02 21:44:14,Walking,,1.76,28:32,16:15,3.69,111.0,17.73,,"In the 30s",2014-02-02-2144.gpx
2014-02-01 22:07:00,Walking,,0.70,13:37,19:30,3.08,43.0,7.18,,,2014-02-01-2207.gpx
2014-01-31 15:10:59,Running,,4.01,49:52,12:25,4.83,330.0,77.82,,"Hips sore",2014-01-31-1510.gpx
2014-01-30 20:30:56,Walking,,1.75,36:25,20:45,2.89,111.0,16.78,,,2014-01-30-2030.gpx
2014-01-29 12:23:46,Running,,2.02,25:50,12:49,4.68,165.0,39.36,,"Aweful",2014-01-29-1223.gpx
2014-01-27 20:18:29,Walking,,1.79,33:22,18:39,3.22,108.0,19.27,,,2014-01-27-2018.gpx
2014-01-27 13:13:38,Running,,2.52,31:30,12:31,4.79,281.0,369.20,,,2014-01-27-1313.gpx
2014-01-25 17:52:19,Walking,,2.19,42:44,19:29,3.08,139.0,24.94,,,2014-01-25-1752.gpx
2014-01-25 13:14:58,Running,,3.01,36:16,12:03,4.98,251.0,64.77,,,2014-01-25-1314.gpx
2014-01-24 18:58:19,Walking,,1.79,32:50,18:22,3.27,110.0,18.45,,"Cooold!",2014-01-24-1858.gpx
2014-01-22 21:40:23,Walking,,1.52,25:53,17:02,3.52,97.0,18.73,,,2014-01-22-2140.gpx
2014-01-22 12:00:07,Running,,2.31,28:14,12:14,4.91,196.0,49.03,,,2014-01-22-1200.gpx
2014-01-21 20:21:48,Walking,,1.72,30:19,17:38,3.40,112.0,18.48,,,2014-01-21-2021.gpx
2014-01-13 14:12:20,Running,,2.01,22:28,11:12,5.36,174.0,29.00,,,2014-01-13-1412.gpx
2014-01-11 12:59:22,Walking,,6.26,3:13:05,30:50,1.95,462.0,204.79,,"With Shane and lisa",2014-01-11-1259.gpx
2014-01-09 21:09:23,Walking,,1.15,21:16,18:28,3.25,72.0,14.30,,,2014-01-09-2109.gpx
2014-01-09 12:42:51,Running,,4.01,52:12,13:01,4.61,322.0,80.00,,"Lungs on fire",2014-01-09-1242.gpx
2014-01-08 21:44:40,Walking,,1.78,31:32,17:46,3.38,110.0,19.00,,,2014-01-08-2144.gpx
2014-01-08 12:54:00,Walking,,2.01,1:06:55,33:15,1.80,161.0,128.00,,,2014-01-08-1254.gpx
2014-01-07 20:38:31,Walking,,1.81,32:45,18:09,3.31,115.0,18.36,,,2014-01-07-2038.gpx
2014-01-07 13:32:30,Walking,,0.50,7:50,15:40,3.83,27.0,9.70,,,2014-01-07-1332.gpx
2014-01-06 10:48:06,Walking,,3.95,1:20:38,20:26,2.94,238.0,30.20,,,2014-01-06-1048.gpx
2014-01-05 13:52:56,Running,,4.01,47:29,11:50,5.07,318.0,32.00,,"Pretty OK. Njceand cool today",2014-01-05-1352.gpx
2014-01-03 12:46:30,Walking,,1.21,28:05,23:13,2.58,77.0,8.67,,"Walk to the dogs",2014-01-03-1246.gpx
2014-01-02 11:20:10,Running,,0.95,11:24,12:03,4.98,77.0,5.18,,,2014-01-02-1120.gpx
2014-01-01 15:28:17,Walking,,1.07,29:02,27:13,2.20,71.0,10.91,,,2014-01-01-1528.gpx
2013-12-31 12:35:04,Running,,3.01,37:36,12:30,4.80,237.0,20.45,,"Still a bit sniffly añurt knee rock climbing yesterday",2013-12-31-1235.gpx
2013-12-29 16:13:29,Walking,,1.25,21:45,17:26,3.44,65.0,6.89,,"Walked the dog",2013-12-29-1613.gpx
2013-12-29 15:28:22,Running,,2.01,25:12,12:32,4.79,161.0,17.03,,"Still a bit of a runny nose. Took claritin d",2013-12-29-1528.gpx
2013-12-28 13:44:00,Walking,,1.00,20:46,20:50,2.88,60.0,6.45,,"Walked dog, still sick",2013-12-28-1344.gpx
2013-12-27 16:45:46,Walking,,1.22,28:59,23:46,2.53,75.0,6.56,,"Dog walk",2013-12-27-1645.gpx
2013-12-23 13:00:14,Walking,,1.31,29:43,22:46,2.64,82.0,7.82,,,2013-12-23-1300.gpx
2013-12-22 14:18:01,Walking,,3.35,1:04:52,19:22,3.10,295.0,525.00,,,2013-12-22-1418.gpx
2013-12-21 17:35:35,Walking,,1.76,48:06,27:16,2.20,131.0,18.64,,,2013-12-21-1735.gpx
2013-12-21 14:20:45,Walking,,0.49,8:26,17:15,3.48,31.0,9.91,,,2013-12-21-1420.gpx
2013-12-20 15:54:59,Walking,,1.80,40:05,22:18,2.69,114.0,17.00,,"Watered plants",2013-12-20-1554.gpx
2013-12-20 13:34:12,Running,,2.61,36:06,13:50,4.34,206.0,52.83,,"Horrible :(",2013-12-20-1334.gpx
2013-12-19 20:42:24,Walking,,1.84,34:35,18:45,3.20,111.0,19.09,,,2013-12-19-2042.gpx
2013-12-18 21:22:41,Walking,,1.77,32:26,18:20,3.27,109.0,19.09,,,2013-12-18-2122.gpx
2013-12-18 13:27:13,Walking,,4.06,1:17:49,19:09,3.13,273.0,117.98,,,2013-12-18-1327.gpx
2013-12-18 12:49:55,Running,,2.96,36:35,12:23,4.85,249.0,88.94,,,2013-12-18-1249.gpx
2013-12-17 20:51:29,Walking,,1.79,31:51,17:48,3.37,159.0,18.36,,,2013-12-17-2051.gpx
2013-12-17 15:51:11,Walking,,1.87,47:51,25:32,2.35,184.0,22.73,,,2013-12-17-1551.gpx
